case	op	hooks_observed	deny_hook	deny_exit	residual	moment
commit	git commit -qm two	post-index-change[A] pre-commit[A] prepare-commit-msg[A] commit-msg[A] ref-tx:preparing[A] ref-tx:prepared[A] ref-tx:committed[r] ref-tx:preparing[r] ref-tx:aborted[r] ref-tx:prepared[r] ref-tx:committed[r] post-commit[r] 	pre-commit	1	none	A
commit-no-verify	git commit -q --no-verify -m two	post-index-change[A] prepare-commit-msg[A] ref-tx:preparing[A] ref-tx:prepared[A] ref-tx:committed[r] ref-tx:preparing[r] ref-tx:aborted[r] ref-tx:prepared[r] ref-tx:committed[r] post-commit[r] 	reference-transaction:prepared ~refs/heads/main	128	none	A
commit-a-rejected	git commit -qam two	post-index-change[A] pre-commit[A] prepare-commit-msg[A] commit-msg[A] ref-tx:preparing[A] ref-tx:prepared[A] ref-tx:committed[r] ref-tx:preparing[r] ref-tx:aborted[r] ref-tx:prepared[r] ref-tx:committed[r] post-commit[ri] 	pre-commit	1	none	A
commit-msg	git commit -qm two	post-index-change[A] pre-commit[A] prepare-commit-msg[A] commit-msg[A] ref-tx:preparing[A] ref-tx:prepared[A] ref-tx:committed[r] ref-tx:preparing[r] ref-tx:aborted[r] ref-tx:prepared[r] ref-tx:committed[r] post-commit[r] 	commit-msg	1	none	A
push	git push -q origin main	pre-push[A] ref-tx:preparing[A] ref-tx:prepared[A] ref-tx:committed[A] 	pre-push	1	none	A
push-no-verify	git push -q --no-verify origin main	ref-tx:preparing[A] ref-tx:prepared[A] ref-tx:committed[A] 	pre-push	0	hook-not-run	C (deny hook not run)
force-push	git push -qf origin main	pre-push[A] ref-tx:preparing[A] ref-tx:prepared[A] ref-tx:committed[A] 	pre-push	1	none	A
force-push-plus	git push -q origin +main	pre-push[A] ref-tx:preparing[A] ref-tx:prepared[A] ref-tx:committed[A] 	pre-push	1	none	A
force-with-lease	git push -q --force-with-lease origin main	pre-push[A] ref-tx:preparing[A] ref-tx:prepared[A] ref-tx:committed[A] 	pre-push	1	none	A
force-push-no-verify	git push -qf --no-verify origin main	ref-tx:preparing[A] ref-tx:prepared[A] ref-tx:committed[A] 	pre-push	0	hook-not-run	C (deny hook not run)
send-pack-force	git send-pack --force ../r.git main		pre-push	0	hook-not-run	C (deny hook not run)
push-mirror	git push -q --mirror origin	pre-push[A] ref-tx:preparing[A] ref-tx:aborted[A] ref-tx:prepared[A] ref-tx:committed[A] ref-tx:preparing[A] ref-tx:prepared[A] ref-tx:committed[A] 	pre-push	1	none	A
delete-remote	git push -q origin --delete feat	pre-push[A] ref-tx:preparing[A] ref-tx:aborted[A] ref-tx:prepared[A] ref-tx:committed[A] 	pre-push	1	none	A
delete-remote-colon	git push -q origin :feat	pre-push[A] ref-tx:preparing[A] ref-tx:aborted[A] ref-tx:prepared[A] ref-tx:committed[A] 	pre-push	1	none	A
delete-local	git branch -D feat	ref-tx:preparing[A] ref-tx:aborted[A] ref-tx:prepared[A] ref-tx:committed[r] 	reference-transaction:prepared ~refs/heads/feat	128	none	A
delete-local-packed	git branch -D feat	ref-tx:preparing[A] ref-tx:preparing[A] ref-tx:prepared[A] ref-tx:prepared[A] ref-tx:committed[r] ref-tx:committed[r] 	reference-transaction:prepared ~refs/heads/feat	128	none	A
update-ref-d	git update-ref -d refs/heads/feat	ref-tx:preparing[A] ref-tx:aborted[A] ref-tx:prepared[A] ref-tx:committed[r] 	reference-transaction:prepared ~refs/heads/feat	128	none	A
update-ref-d-nodrf	git update-ref --no-deref -d refs/heads/feat	ref-tx:preparing[A] ref-tx:aborted[A] ref-tx:prepared[A] ref-tx:committed[r] 	reference-transaction:prepared ~refs/heads/feat	128	none	A
rename-branch	git branch -m feat feat2	ref-tx:preparing[A] ref-tx:aborted[A] ref-tx:prepared[A] ref-tx:committed[r] 	reference-transaction:prepared ~refs/heads/feat	128	none	A
overwrite-branch	git branch -f main feat	ref-tx:preparing[A] ref-tx:prepared[A] ref-tx:committed[r] 	reference-transaction:prepared ~refs/heads/main	128	none	A
reset-hard	git reset -q --hard HEAD~1	post-index-change[iw] ref-tx:preparing[iw] ref-tx:prepared[iw] ref-tx:committed[iw] ref-tx:preparing[iw] ref-tx:prepared[iw] ref-tx:committed[riw] ref-tx:preparing[riw] ref-tx:aborted[riw] ref-tx:prepared[riw] ref-tx:committed[riw] ref-tx:preparing[riw] ref-tx:aborted[riw] ref-tx:prepared[riw] ref-tx:committed[riw] 	reference-transaction:prepared ~refs/heads/main	128	iw	B (partial effects: iw)
reset-hard-head	git reset -q --hard	post-index-change[w] ref-tx:preparing[w] ref-tx:prepared[w] ref-tx:committed[w] ref-tx:preparing[w] ref-tx:prepared[w] ref-tx:committed[w] ref-tx:preparing[w] ref-tx:aborted[w] ref-tx:prepared[w] ref-tx:committed[w] ref-tx:preparing[w] ref-tx:aborted[w] ref-tx:prepared[w] ref-tx:committed[w] 	-	-	-	C (no governing hook)
rebase	git rebase -q main	post-index-change[A] pre-rebase[A] post-index-change[iws] ref-tx:preparing[iws] ref-tx:prepared[iws] ref-tx:committed[iws] ref-tx:preparing[iws] ref-tx:prepared[iws] ref-tx:committed[riws] post-checkout[riws] post-index-change[riws] post-index-change[riws] ref-tx:preparing[riws] ref-tx:aborted[riws] ref-tx:prepared[riws] ref-tx:committed[riws] ref-tx:preparing[riws] ref-tx:aborted[riws] ref-tx:prepared[riws] ref-tx:committed[riws] ref-tx:preparing[riws] ref-tx:prepared[riws] ref-tx:committed[riws] post-index-change[riws] ref-tx:preparing[riws] ref-tx:prepared[riws] ref-tx:committed[riws] prepare-commit-msg[riws] ref-tx:preparing[riws] ref-tx:prepared[riws] ref-tx:committed[riws] post-commit[riws] ref-tx:preparing[riws] ref-tx:aborted[riws] ref-tx:prepared[riws] ref-tx:committed[riws] ref-tx:preparing[riws] ref-tx:prepared[riws] ref-tx:committed[riws] ref-tx:preparing[riws] ref-tx:prepared[riws] ref-tx:committed[riws] post-rewrite[riws] 	pre-rebase	1	none	A
rebase-no-verify	git rebase -q --no-verify main	post-index-change[A] post-index-change[iws] ref-tx:preparing[iws] ref-tx:prepared[iws] ref-tx:committed[iws] ref-tx:preparing[iws] ref-tx:prepared[iws] ref-tx:committed[riws] post-checkout[riws] post-index-change[riws] post-index-change[riws] ref-tx:preparing[riws] ref-tx:aborted[riws] ref-tx:prepared[riws] ref-tx:committed[riws] ref-tx:preparing[riws] ref-tx:aborted[riws] ref-tx:prepared[riws] ref-tx:committed[riws] ref-tx:preparing[riws] ref-tx:prepared[riws] ref-tx:committed[riws] post-index-change[riws] ref-tx:preparing[riws] ref-tx:prepared[riws] ref-tx:committed[riws] prepare-commit-msg[riws] ref-tx:preparing[riws] ref-tx:prepared[riws] ref-tx:committed[riws] post-commit[riws] ref-tx:preparing[riws] ref-tx:aborted[riws] ref-tx:prepared[riws] ref-tx:committed[riws] ref-tx:preparing[riws] ref-tx:prepared[riws] ref-tx:committed[riws] ref-tx:preparing[riws] ref-tx:prepared[riws] ref-tx:committed[riws] post-rewrite[riws] 	pre-rebase	0	hook-not-run	C (deny hook not run)
rebase-reftx	git rebase -q --no-verify main	post-index-change[A] post-index-change[iws] ref-tx:preparing[iws] ref-tx:prepared[iws] ref-tx:committed[iws] ref-tx:preparing[iws] ref-tx:prepared[iws] ref-tx:committed[riws] post-checkout[riws] post-index-change[riws] post-index-change[riws] ref-tx:preparing[riws] ref-tx:aborted[riws] ref-tx:prepared[riws] ref-tx:committed[riws] ref-tx:preparing[riws] ref-tx:aborted[riws] ref-tx:prepared[riws] ref-tx:committed[riws] ref-tx:preparing[riws] ref-tx:prepared[riws] ref-tx:committed[riws] post-index-change[riws] ref-tx:preparing[riws] ref-tx:prepared[riws] ref-tx:committed[riws] prepare-commit-msg[riws] ref-tx:preparing[riws] ref-tx:prepared[riws] ref-tx:committed[riws] post-commit[riws] ref-tx:preparing[riws] ref-tx:aborted[riws] ref-tx:prepared[riws] ref-tx:committed[riws] ref-tx:preparing[riws] ref-tx:prepared[riws] ref-tx:committed[riws] ref-tx:preparing[riws] ref-tx:prepared[riws] ref-tx:committed[riws] post-rewrite[riws] 	reference-transaction:prepared ~refs/heads/feat	128	riws	B (partial effects: riws)
pull-rebase	git pull -q --rebase origin main	post-index-change[A] ref-tx:preparing[A] ref-tx:prepared[A] ref-tx:committed[A] post-index-change[A] pre-rebase[A] post-index-change[iws] ref-tx:preparing[iws] ref-tx:prepared[iws] ref-tx:committed[iws] ref-tx:preparing[iws] ref-tx:prepared[iws] ref-tx:committed[riws] post-checkout[riws] post-index-change[riws] post-index-change[riws] ref-tx:preparing[riws] ref-tx:aborted[riws] ref-tx:prepared[riws] ref-tx:committed[riws] ref-tx:preparing[riws] ref-tx:aborted[riws] ref-tx:prepared[riws] ref-tx:committed[riws] ref-tx:preparing[riws] ref-tx:prepared[riws] ref-tx:committed[riws] post-index-change[riws] ref-tx:preparing[riws] ref-tx:prepared[riws] ref-tx:committed[riws] prepare-commit-msg[riws] ref-tx:preparing[riws] ref-tx:prepared[riws] ref-tx:committed[riws] post-commit[riws] ref-tx:preparing[riws] ref-tx:aborted[riws] ref-tx:prepared[riws] ref-tx:committed[riws] ref-tx:preparing[riws] ref-tx:prepared[riws] ref-tx:committed[riws] ref-tx:preparing[riws] ref-tx:prepared[riws] ref-tx:committed[riws] post-rewrite[riws] 	pre-rebase	1	none	A
merge	git merge -q --no-edit feat	ref-tx:preparing[A] ref-tx:prepared[A] ref-tx:committed[A] post-index-change[A] ref-tx:preparing[w] ref-tx:prepared[w] ref-tx:committed[w] post-index-change[iw] pre-merge-commit[iw] prepare-commit-msg[iws] commit-msg[iws] ref-tx:preparing[iws] ref-tx:prepared[iws] ref-tx:committed[riws] post-merge[riws] ref-tx:preparing[riw] ref-tx:aborted[riw] ref-tx:prepared[riw] ref-tx:committed[riw] 	pre-merge-commit	1	iws	B (partial effects: iws)
merge-reftx	git merge -q --no-edit feat	ref-tx:preparing[A] ref-tx:prepared[A] ref-tx:committed[A] post-index-change[A] ref-tx:preparing[w] ref-tx:prepared[w] ref-tx:committed[w] post-index-change[iw] pre-merge-commit[iw] prepare-commit-msg[iws] commit-msg[iws] ref-tx:preparing[iws] ref-tx:prepared[iws] ref-tx:committed[riws] post-merge[riws] ref-tx:preparing[riw] ref-tx:aborted[riw] ref-tx:prepared[riw] ref-tx:committed[riw] 	reference-transaction:prepared ~refs/heads/main	128	iws	B (partial effects: iws)
merge-ff	git merge -q --ff-only feat	ref-tx:preparing[A] ref-tx:prepared[A] ref-tx:committed[A] post-index-change[iw] ref-tx:preparing[iw] ref-tx:prepared[iw] ref-tx:committed[riw] post-merge[riw] ref-tx:preparing[riw] ref-tx:aborted[riw] ref-tx:prepared[riw] ref-tx:committed[riw] 	reference-transaction:prepared ~refs/heads/main	128	iw	B (partial effects: iw)
merge-no-commit	git merge -q --no-commit --no-ff feat	ref-tx:preparing[A] ref-tx:prepared[A] ref-tx:committed[A] post-index-change[A] ref-tx:preparing[w] ref-tx:prepared[w] ref-tx:committed[w] post-index-change[iw] 	-	-	-	C (no governing hook)
worktree-add-b	git worktree add -q -b nb ../wt2	ref-tx:preparing[A] ref-tx:prepared[A] ref-tx:committed[r] ref-tx:preparing[rs] ref-tx:prepared[rs] ref-tx:committed[rs] post-index-change[rs] ref-tx:preparing[rs] ref-tx:prepared[rs] ref-tx:committed[rs] ref-tx:preparing[rs] ref-tx:prepared[rs] ref-tx:committed[rs] ref-tx:preparing[rs] ref-tx:aborted[rs] ref-tx:prepared[rs] ref-tx:committed[rs] ref-tx:preparing[rs] ref-tx:aborted[rs] ref-tx:prepared[rs] ref-tx:committed[rs] post-checkout[rs] 	reference-transaction:prepared ~refs/heads/nb	255	none	A
worktree-add-exist	git worktree add -q ../wt2 feat	ref-tx:preparing[s] ref-tx:prepared[s] ref-tx:committed[rs] post-index-change[rs] ref-tx:preparing[rs] ref-tx:prepared[rs] ref-tx:committed[rs] ref-tx:preparing[rs] ref-tx:prepared[rs] ref-tx:committed[rs] ref-tx:preparing[rs] ref-tx:aborted[rs] ref-tx:prepared[rs] ref-tx:committed[rs] ref-tx:preparing[rs] ref-tx:aborted[rs] ref-tx:prepared[rs] ref-tx:committed[rs] post-checkout[rs] 	reference-transaction:prepared	128	none	A
worktree-add-postco	git worktree add -q ../wt2 feat	ref-tx:preparing[s] ref-tx:prepared[s] ref-tx:committed[rs] post-index-change[rs] ref-tx:preparing[rs] ref-tx:prepared[rs] ref-tx:committed[rs] ref-tx:preparing[rs] ref-tx:prepared[rs] ref-tx:committed[rs] ref-tx:preparing[rs] ref-tx:aborted[rs] ref-tx:prepared[rs] ref-tx:committed[rs] ref-tx:preparing[rs] ref-tx:aborted[rs] ref-tx:prepared[rs] ref-tx:committed[rs] post-checkout[rs] 	post-checkout	1	rs	B (partial effects: rs)
worktree-add-detach	git worktree add -q --detach ../wt2	ref-tx:preparing[s] ref-tx:prepared[s] ref-tx:committed[rs] post-index-change[rs] ref-tx:preparing[rs] ref-tx:prepared[rs] ref-tx:committed[rs] ref-tx:preparing[rs] ref-tx:prepared[rs] ref-tx:committed[rs] ref-tx:preparing[rs] ref-tx:aborted[rs] ref-tx:prepared[rs] ref-tx:committed[rs] ref-tx:preparing[rs] ref-tx:aborted[rs] ref-tx:prepared[rs] ref-tx:committed[rs] post-checkout[rs] 	reference-transaction:prepared	128	none	A
worktree-remove	git worktree remove ../wt2	post-index-change[A] 	reference-transaction:prepared	0	hook-not-run	C (deny hook not run)
switch-branch	git switch -q feat	post-index-change[A] ref-tx:preparing[A] ref-tx:prepared[A] ref-tx:committed[r] ref-tx:preparing[r] ref-tx:aborted[r] ref-tx:prepared[r] ref-tx:committed[r] ref-tx:preparing[r] ref-tx:aborted[r] ref-tx:prepared[r] ref-tx:committed[r] post-checkout[r] 	reference-transaction:prepared	128	none	A
tag	git tag v1	ref-tx:preparing[A] ref-tx:prepared[A] ref-tx:committed[r] 	reference-transaction:prepared ~refs/tags/v1	128	none	A
pack-refs	git pack-refs --all	ref-tx:preparing[A] ref-tx:prepared[A] ref-tx:committed[r] ref-tx:preparing[r] ref-tx:prepared[r] ref-tx:committed[r] ref-tx:preparing[r] ref-tx:prepared[r] ref-tx:committed[r] 	reference-transaction:prepared ~refs/heads/main	128	none	A
gc	git gc -q	ref-tx:preparing[A] ref-tx:prepared[A] ref-tx:committed[r] ref-tx:preparing[r] ref-tx:prepared[r] ref-tx:committed[r] ref-tx:preparing[r] ref-tx:prepared[r] ref-tx:committed[r] 	reference-transaction:prepared ~refs/heads/main	0		not-impeded (exit 0)
commit-tree-plumb	git update-ref refs/heads/x $(git commit-tree -m x HEAD^{tree})	ref-tx:preparing[A] ref-tx:prepared[A] ref-tx:committed[r] 	reference-transaction:prepared ~refs/heads/x	128	none	A
