expressjs/express	214	717115	false	6173	10001
sindresorhus/got	132	2234095	false	1742	3996
pallets/flask	236	1870682	false	5557	12311
tokio-rs/axum	505	1972097	false	2012	6095
fastapi/fastapi	3181	34940512	false	7776	56164
BurntSushi/ripgrep	237	3255973	false	2287	5700
rust-lang/cargo	3073	18012766	false	23358	74850
django/django	7084	46105515	false	34969	283084
facebook/react	7252	40650424	false	21710	1100996
rails/rails	5018	39927300	false	99854	290900
vitejs/vite	2841	17644784	false	9734	75922
prisma/prisma	8629	77254751	false	8351	273682
astral-sh/ruff	11194	91039587	false	17480	208800
denoland/deno	14922	93725220	false	17377	252646
microsoft/TypeScript	51359	184451876	true	39503	2890003
microsoft/vscode	19952	286738640	false	166904	1525996
vercel/next.js	33918	158608765	false	36054	2581361
kubernetes/kubernetes	31356	279578895	false	141765	1529066
